email,first_name,last_name,gender,ip_address
byo0@myspace.com,Bebe,Yo,Bigender,130.186.250.184
pbuse1@zdnet.com,Paddie,Buse,Polygender,160.30.68.43
egonthard2@dailymotion.com,Elsinore,Gonthard,Female,123.247.249.238
dluker3@xrea.com,Donavon,Luker,Polygender,221.125.27.214
cdownse4@paginegialle.it,Channa,Downse,Female,246.65.112.172
kperkins5@squidoo.com,Kelvin,Perkins,Bigender,134.63.102.138
nparres6@simplemachines.org,Nannette,Parres,Bigender,113.168.194.233
bhentzeler7@yahoo.com,Barde,Hentzeler,Non-binary,172.125.162.233
ebudnik8@uiuc.edu,Eugen,Budnik,Non-binary,37.8.207.68
fmcgeachie9@ifeng.com,Fee,McGeachie,Male,199.209.145.154
kazama@china.com.cn,Karlene,Azam,Bigender,51.195.170.8
rkippinb@example.com,Roi,Kippin,Female,137.186.78.170
rarnollc@pen.io,Rory,Arnoll,Non-binary,91.95.78.109
ngiannid@google.ru,Nettie,Gianni,Genderfluid,86.191.67.123
amaruszewskie@eventbrite.com,Adella,Maruszewski,Non-binary,111.6.246.144
gbradderf@salon.com,Ganny,Bradder,Polygender,1.100.60.5
ehillg@ask.com,Elinor,Hill,Non-binary,250.171.80.253
thoworthh@prnewswire.com,Thorndike,Howorth,Non-binary,140.114.191.215
lgrettoni@t-online.de,Lamar,Gretton,Female,97.135.11.42
vmehmetj@kickstarter.com,Verge,Mehmet,Male,42.10.4.134
efeehank@ehow.com,Elaine,Feehan,Bigender,162.188.19.213
mmccluinl@foxnews.com,Marlo,McCluin,Agender,158.218.217.228
bguerolam@blogspot.com,Benjie,Guerola,Genderqueer,76.193.204.165
sewertn@ucoz.com,Sheila-kathryn,Ewert,Genderfluid,30.31.50.226
nskamalo@dot.gov,Nelie,Skamal,Non-binary,16.33.176.31
cwhitterp@eventbrite.com,Claudell,Whitter,Female,249.95.158.249
amedlinq@usda.gov,Ashley,Medlin,Non-binary,18.40.49.61
astudeartr@istockphoto.com,Aleksandr,Studeart,Non-binary,24.86.42.232
cspensleys@omniture.com,Casie,Spensley,Polygender,24.121.180.94
rsantit@free.fr,Ranee,Santi,Bigender,246.214.162.110
kfrapwellu@imdb.com,Kimmie,Frapwell,Agender,250.141.12.178
scrickmoorv@newyorker.com,Shanon,Crickmoor,Genderqueer,121.215.76.61
kpickstonw@deliciousdays.com,Katha,Pickston,Polygender,182.165.151.19
ndodgsonx@ted.com,Nanete,Dodgson,Genderfluid,203.68.74.215
bbatcheloury@marriott.com,Bibbie,Batchelour,Non-binary,146.193.77.129
jgeeritsz@ox.ac.uk,Janine,Geerits,Male,13.223.242.225
ebowhey10@ycombinator.com,Emmery,Bowhey,Female,23.220.165.93
rreiach11@china.com.cn,Rosella,Reiach,Genderqueer,45.7.92.123
kmcfie12@disqus.com,Killy,McFie,Female,40.53.191.6
swhistance13@wufoo.com,Stafani,Whistance,Bigender,240.61.195.47
ihaythornthwaite14@etsy.com,Ikey,Haythornthwaite,Female,1.219.74.54
ltwiddy15@tinyurl.com,Liana,Twiddy,Genderfluid,40.119.26.127
fprandy16@hibu.com,Farica,Prandy,Non-binary,59.231.236.20
sstolworthy17@mapy.cz,Sosanna,Stolworthy,Genderqueer,221.234.243.205
rpadkin18@icq.com,Rocky,Padkin,Female,230.155.184.176
dblemings19@abc.net.au,Dagny,Blemings,Non-binary,241.130.206.216
dlewsey1a@joomla.org,Doro,Lewsey,Polygender,140.124.115.47
clinn1b@photobucket.com,Cordie,Linn,Agender,192.43.30.254
kdodd1c@tuttocitta.it,Kristyn,Dodd,Genderqueer,181.50.61.218
aburnside1d@cpanel.net,Arlee,Burnside,Genderqueer,128.30.129.213
bpotkins1e@cdbaby.com,Berthe,Potkins,Agender,254.112.70.185
jmaclaverty1f@wordpress.com,Jeannette,MacLaverty,Male,144.175.30.219
aprevett1g@about.com,Ashia,Prevett,Agender,249.175.118.196
btrotter1h@time.com,Bentley,Trotter,Genderfluid,121.20.20.255
jgetten1i@vimeo.com,Jayme,Getten,Genderqueer,2.168.200.157
bcankett1j@people.com.cn,Binni,Cankett,Polygender,56.195.236.62
jmattiello1k@trellian.com,Jermayne,Mattiello,Bigender,125.187.51.219
rbullier1l@apache.org,Reinhold,Bullier,Polygender,72.112.137.122
eferriby1m@uiuc.edu,Elyse,Ferriby,Bigender,120.93.233.44
dmcminn1n@bloglines.com,Dell,McMinn,Genderqueer,18.11.88.200
sgarmon1o@wunderground.com,Stirling,Garmon,Female,47.221.21.246
jmckenney1p@unc.edu,Junie,McKenney,Bigender,5.226.15.89
akyme1q@huffingtonpost.com,Aundrea,Kyme,Genderqueer,242.50.123.104
abaxstar1r@un.org,Ashleigh,Baxstar,Male,130.60.200.146
swasbey1s@economist.com,Shelby,Wasbey,Polygender,242.197.47.176
fornelas1t@cpanel.net,Fedora,Ornelas,Genderqueer,105.202.153.136
acapineer1u@economist.com,Anna-maria,Capineer,Male,146.192.217.245
agerrelt1v@paypal.com,Arnoldo,Gerrelt,Polygender,11.164.233.34
mtheze1w@t-online.de,Minette,Theze,Non-binary,240.204.253.244
nmorgan1x@cbsnews.com,Norri,Morgan,Female,199.26.62.113
cglaysher1y@myspace.com,Celle,Glaysher,Genderqueer,106.158.97.164
nlongwood1z@amazon.de,Nelie,Longwood,Agender,43.53.207.40
ekuhnel20@hexun.com,Elbert,Kuhnel,Female,3.231.223.18
taberdein21@t-online.de,Tamra,Aberdein,Polygender,201.231.54.60
mgillard22@pbs.org,Melba,Gillard,Female,226.22.21.207
abott23@google.ca,Adlai,Bott,Male,188.254.254.149
kheatlie24@theguardian.com,Katherine,Heatlie,Male,250.19.87.46
ralekhov25@reuters.com,Rosy,Alekhov,Polygender,168.187.132.252
jwateridge26@ca.gov,Julissa,Wateridge,Non-binary,242.38.74.117
lfrankton27@apache.org,Lana,Frankton,Bigender,68.9.20.104
smeneely28@xing.com,Shayla,Meneely,Female,164.6.160.29
dchallin29@wufoo.com,Dena,Challin,Genderfluid,18.66.249.88
vtreanor2a@wp.com,Veronique,Treanor,Genderqueer,90.66.225.224
rhartshorn2b@cnn.com,Reeta,Hartshorn,Genderqueer,224.28.26.166
kaudsley2c@jimdo.com,Krishna,Audsley,Polygender,109.129.96.57
nide2d@posterous.com,Nina,Ide,Male,120.154.42.24
mcaccavale2e@sphinn.com,Meggy,Caccavale,Non-binary,186.131.254.18
tpoppleton2f@acquirethisname.com,Terrie,Poppleton,Bigender,74.199.252.5
dstoakes2g@cdc.gov,Donall,Stoakes,Genderqueer,40.185.183.229
lscarbarrow2h@over-blog.com,Layne,Scarbarrow,Polygender,199.48.132.237
ngartsyde2i@freewebs.com,Nisse,Gartsyde,Non-binary,169.209.190.104
pgeorgiades2j@desdev.cn,Peirce,Georgiades,Agender,189.136.60.141
dchrippes2k@imdb.com,Doug,Chrippes,Bigender,72.174.148.207
yjerwood2l@fc2.com,Yves,Jerwood,Polygender,208.42.104.245
amacdunleavy2m@barnesandnoble.com,Abel,MacDunleavy,Bigender,158.118.183.5
mcassell2n@unc.edu,Morlee,Cassell,Genderfluid,118.83.171.50
lbonnett2o@geocities.jp,Lucio,Bonnett,Genderfluid,58.47.225.252
cocridigan2p@sitemeter.com,Clarine,O'Cridigan,Female,249.247.10.253
mterney2q@nps.gov,Mellisent,Terney,Polygender,38.89.81.126
gtregien2r@marriott.com,Gipsy,Tregien,Bigender,40.80.101.226
